<?xml version="1.0" encoding="UTF-8"?>
<jcr:root xmlns:sling="http://sling.apache.org/jcr/sling/1.0" xmlns:cq="http://www.day.com/jcr/cq/1.0" xmlns:jcr="http://www.jcp.org/jcr/1.0" xmlns:nt="http://www.jcp.org/jcr/nt/1.0" xmlns:rep="internal"
    jcr:mixinTypes="[rep:AccessControllable]"
    jcr:primaryType="cq:Page">
    <rep:policy/>
    <reactcompass jcr:primaryType="nt:unstructured">
        <components jcr:primaryType="nt:unstructured">
            <form jcr:primaryType="nt:unstructured">
                <container jcr:primaryType="nt:unstructured">
                    <form-container
                        jcr:description="Allows the form components to be dropped into this core form container."
                        jcr:primaryType="nt:unstructured"
                        jcr:title="Content Form"
                        sling:resourceType="wcm/core/components/policy/policy"
                        components="[/apps/reactcompass/components/form/button,/apps/reactcompass/components/form/hidden,/apps/reactcompass/components/form/options,/apps/reactcompass/components/form/text]">
                        <jcr:content jcr:primaryType="nt:unstructured"/>
                    </form-container>
                </container>
            </form>
            <languagenavigation jcr:primaryType="nt:unstructured">
                <policy_xfm
                    jcr:primaryType="nt:unstructured"
                    jcr:title="AEM React Compass Language Navigation - Experience Fragment"
                    sling:resourceType="wcm/core/components/policy/policy"
                    navigationRoot="/content/reactcompass"
                    structureDepth="1">
                    <jcr:content jcr:primaryType="nt:unstructured"/>
                </policy_xfm>
            </languagenavigation>
            <image jcr:primaryType="nt:unstructured">
                <policy_651483963895698
                    jcr:description="- Enable lazy loading for faster page loading.&#xd;&#xa;- Define allowed image widths for automatic loading of the image in the most optimal resolution, given the size at which each image is displayed on the page, and the visitor's pixel density.&#xd;&#xa;- Disallow direct asset upload, to force authors to first upload the images to Assets."
                    jcr:primaryType="nt:unstructured"
                    jcr:title="Content Image"
                    sling:resourceType="wcm/core/components/policy/policy"
                    allowedRenditionWidths="[320,480,600,800,1024,1200,1600]"
                    allowUpload="false"
                    altValueFromDAM="true"
                    disableLazyLoading="false"
                    displayPopupTitle="true"
                    isDecorative="false"
                    jpegQuality="{Long}85"
                    titleValueFromDAM="true"
                    uuidDisabled="true">
                    <jcr:content jcr:primaryType="nt:unstructured"/>
                    <plugins jcr:primaryType="nt:unstructured">
                        <crop
                            jcr:primaryType="nt:unstructured"
                            features="*">
                            <aspectRatios jcr:primaryType="nt:unstructured">
                                <item0
                                    jcr:primaryType="nt:unstructured"
                                    name="Wide Landscape"
                                    ratio="0.6180"/>
                                <item1
                                    jcr:primaryType="nt:unstructured"
                                    name="Landscape"
                                    ratio="0.8284"/>
                                <item2
                                    jcr:primaryType="nt:unstructured"
                                    name="Square"
                                    ratio="1"/>
                                <item3
                                    jcr:primaryType="nt:unstructured"
                                    name="Portrait"
                                    ratio="1.6180"/>
                            </aspectRatios>
                        </crop>
                        <rotate
                            jcr:primaryType="nt:unstructured"
                            features="right"/>
                        <flip
                            jcr:primaryType="nt:unstructured"
                            features="-"/>
                    </plugins>
                </policy_651483963895698>
            </image>
            <text jcr:primaryType="nt:unstructured">
                <policy_641562756958017
                    jcr:primaryType="nt:unstructured"
                    jcr:title="Content Text"
                    sling:resourceType="wcm/core/components/policy/policy">
                    <jcr:content jcr:primaryType="nt:unstructured"/>
                    <rtePlugins jcr:primaryType="nt:unstructured">
                        <paraformat
                            jcr:primaryType="nt:unstructured"
                            features="*">
                            <formats
                                jcr:primaryType="nt:unstructured"
                                override="true">
                                <item0
                                    jcr:primaryType="nt:unstructured"
                                    description="Paragraph"
                                    tag="p"/>
                                <item1
                                    jcr:primaryType="nt:unstructured"
                                    description="Quote"
                                    tag="blockquote"/>
                                <item2
                                    jcr:primaryType="nt:unstructured"
                                    description="Preformatted"
                                    tag="pre"/>
                            </formats>
                        </paraformat>
                        <misctools
                            jcr:primaryType="nt:unstructured"
                            features="-">
                            <specialCharsConfig jcr:primaryType="nt:unstructured">
                                <chars
                                    jcr:primaryType="nt:unstructured"
                                    override="true">
                                    <item0
                                        jcr:primaryType="nt:unstructured"
                                        entity="&amp;copy;"
                                        name="copyright"/>
                                    <item1
                                        jcr:primaryType="nt:unstructured"
                                        entity="&amp;euro;"
                                        name="euro"/>
                                    <item2
                                        jcr:primaryType="nt:unstructured"
                                        entity="&amp;reg;"
                                        name="registered"/>
                                    <item3
                                        jcr:primaryType="nt:unstructured"
                                        entity="&amp;trade;"
                                        name="trademark"/>
                                </chars>
                            </specialCharsConfig>
                        </misctools>
                        <edit
                            jcr:primaryType="nt:unstructured"
                            features="-"/>
                        <findreplace
                            jcr:primaryType="nt:unstructured"
                            features="-"/>
                        <undo
                            jcr:primaryType="nt:unstructured"
                            features="-"/>
                        <spellcheck
                            jcr:primaryType="nt:unstructured"
                            features="-"/>
                        <image
                            jcr:primaryType="nt:unstructured"
                            features="-"/>
                        <table
                            jcr:primaryType="nt:unstructured"
                            features="-"/>
                        <lists
                            jcr:primaryType="nt:unstructured"
                            features="*"/>
                        <justify
                            jcr:primaryType="nt:unstructured"
                            features="-"/>
                        <format
                            jcr:primaryType="nt:unstructured"
                            features="bold,italic"/>
                        <links
                            jcr:primaryType="nt:unstructured"
                            features="modifylink,unlink"/>
                        <subsuperscript
                            jcr:primaryType="nt:unstructured"
                            features="-"/>
                    </rtePlugins>
                </policy_641562756958017>
            </text>
            <title jcr:primaryType="nt:unstructured">
                <policy_641475696923109
                    jcr:description="Allows only H1 and disallows links for the main page title."
                    jcr:primaryType="nt:unstructured"
                    jcr:title="Page Title"
                    sling:resourceType="wcm/core/components/policy/policy"
                    allowedTypes="h1"
                    linkDisabled="true"
                    type="h1">
                    <jcr:content jcr:primaryType="nt:unstructured"/>
                </policy_641475696923109>
                <policy_641528232375303
                    jcr:description="Allows all sizes, but not H1, which is reserved for the main page title."
                    jcr:primaryType="nt:unstructured"
                    jcr:title="Content Title"
                    sling:resourceType="wcm/core/components/policy/policy"
                    allowedTypes="[h2,h3,h4,h5,h6]"
                    linkDisabled="false"
                    type="h2">
                    <jcr:content jcr:primaryType="nt:unstructured"/>
                </policy_641528232375303>
            </title>
            <experiencefragment jcr:primaryType="nt:unstructured">
                <policy_header
                    cq:styleDefaultElement="header"
                    jcr:description="Sets a &lt;header> element on the page header experience fragment."
                    jcr:primaryType="nt:unstructured"
                    jcr:title="Page Header"
                    sling:resourceType="wcm/core/components/policy/policy">
                    <jcr:content jcr:primaryType="nt:unstructured"/>
                </policy_header>
                <policy_footer
                    cq:styleDefaultElement="footer"
                    jcr:description="Sets a &lt;footer> element on the page footer experience fragment."
                    jcr:primaryType="nt:unstructured"
                    jcr:title="Page Footer"
                    sling:resourceType="wcm/core/components/policy/policy">
                    <jcr:content jcr:primaryType="nt:unstructured"/>
                </policy_footer>
            </experiencefragment>
            <container jcr:primaryType="nt:unstructured">
                <policy_1574694950110
                    jcr:description="Allows the template components and defines the component mapping (this configures what components should be automatically created when authors drop assets from the content finder to the page editor)."
                    jcr:primaryType="nt:unstructured"
                    jcr:title="Page Root"
                    sling:resourceType="wcm/core/components/policy/policy"
                    components="[group:AEM React Compass - Content,/apps/reactcompass/components/form/container,group:AEM React Compass - Structure]">
                    <jcr:content jcr:primaryType="nt:unstructured"/>
                    <cq:authoring jcr:primaryType="nt:unstructured">
                        <assetToComponentMapping jcr:primaryType="nt:unstructured">
                            <mapping_1575024218483
                                jcr:primaryType="nt:unstructured"
                                assetGroup="media"
                                assetMimetype="image/*"
                                droptarget="image"
                                resourceType="reactcompass/components/image"/>
                            <mapping_1575030843388
                                jcr:primaryType="nt:unstructured"
                                assetGroup="content"
                                assetMimetype="text/html"
                                droptarget="experiencefragment"
                                resourceType="reactcompass/components/experiencefragment"/>
                            <mapping_1575030853128
                                jcr:primaryType="nt:unstructured"
                                assetGroup="media"
                                assetMimetype="[text/html,application/vnd.adobe.contentfragment]"
                                droptarget="contentfragment"
                                resourceType="reactcompass/components/contentfragment"/>
                        </assetToComponentMapping>
                    </cq:authoring>
                </policy_1574694950110>
                <policy_1574695586800
                    jcr:description="Allows the page components and defines the component mapping (this configures what components should be automatically created when authors drop assets from the content finder to the page editor)."
                    jcr:primaryType="nt:unstructured"
                    jcr:title="Page Content"
                    sling:resourceType="wcm/core/components/policy/policy"
                    components="[group:AEM React Compass - Content,/apps/reactcompass/components/form/container]">
                    <jcr:content jcr:primaryType="nt:unstructured"/>
                    <cq:authoring jcr:primaryType="nt:unstructured">
                        <assetToComponentMapping jcr:primaryType="nt:unstructured">
                            <mapping_1575030255082
                                jcr:primaryType="nt:unstructured"
                                assetGroup="media"
                                assetMimetype="image/*"
                                droptarget="image"
                                resourceType="reactcompass/components/image"/>
                            <mapping_1575030260142
                                jcr:primaryType="nt:unstructured"
                                assetGroup="content"
                                assetMimetype="text/html"
                                droptarget="experiencefragment"
                                resourceType="reactcompass/components/experiencefragment"/>
                            <mapping_1575030269139
                                jcr:primaryType="nt:unstructured"
                                assetGroup="media"
                                assetMimetype="[text/html,application/vnd.adobe.contentfragment]"
                                droptarget="contentfragment"
                                resourceType="reactcompass/components/contentfragment"/>
                        </assetToComponentMapping>
                    </cq:authoring>
                </policy_1574695586800>
                <policy_649128221558427
                    cq:styleDefaultElement="main"
                    jcr:description="Sets a &lt;main> element on the page content area."
                    jcr:primaryType="nt:unstructured"
                    jcr:title="Page Main"
                    sling:resourceType="wcm/core/components/policy/policy">
                    <jcr:content jcr:primaryType="nt:unstructured"/>
                </policy_649128221558427>
                <policy_1575040440977
                    jcr:description="Allows the template components and defines the component mapping (this configures what components should be automatically created when authors drop assets from the content finder to the page editor)."
                    jcr:primaryType="nt:unstructured"
                    jcr:title="XF Root"
                    sling:resourceType="wcm/core/components/policy/policy"
                    components="[group:AEM React Compass - Content,/apps/reactcompass/components/form/container]">
                    <jcr:content jcr:primaryType="nt:unstructured"/>
                    <cq:authoring jcr:primaryType="nt:unstructured">
                        <assetToComponentMapping jcr:primaryType="nt:unstructured">
                            <mapping_1575024218483
                                jcr:primaryType="nt:unstructured"
                                assetGroup="media"
                                assetMimetype="image/*"
                                droptarget="image"
                                resourceType="reactcompass/components/image"/>
                            <mapping_1575030843388
                                jcr:primaryType="nt:unstructured"
                                assetGroup="content"
                                assetMimetype="text/html"
                                droptarget="experiencefragment"
                                resourceType="reactcompass/components/experiencefragment"/>
                            <mapping_1575030853128
                                jcr:primaryType="nt:unstructured"
                                assetGroup="media"
                                assetMimetype="[text/html,application/vnd.adobe.contentfragment]"
                                droptarget="contentfragment"
                                resourceType="reactcompass/components/contentfragment"/>
                        </assetToComponentMapping>
                    </cq:authoring>
                </policy_1575040440977>
                <policy_46998610263400
                    jcr:lastModified="{Date}2022-04-09T12:05:22.173-03:00"
                    jcr:lastModifiedBy="admin"
                    jcr:primaryType="nt:unstructured"
                    jcr:title="ReactPagesPolicy"
                    sling:resourceType="wcm/core/components/policy/policy"
                    components="[group:AEM React Compass - Content,group:React Compass Custom Components]"
                    layout="responsiveGrid"
                    layoutDisabled="false">
                    <jcr:content jcr:primaryType="nt:unstructured"/>
                </policy_46998610263400>
                <policy_801838907622000
                    jcr:lastModified="{Date}2022-04-07T20:25:10.629-03:00"
                    jcr:lastModifiedBy="admin"
                    jcr:primaryType="nt:unstructured"
                    jcr:title="PolicyMissionText"
                    sling:resourceType="wcm/core/components/policy/policy"
                    components="/apps/reactcompass/components/customtext"
                    layoutDisabled="false">
                    <jcr:content jcr:primaryType="nt:unstructured"/>
                </policy_801838907622000>
                <policy_801946162096400
                    jcr:lastModified="{Date}2022-04-07T20:36:24.510-03:00"
                    jcr:lastModifiedBy="admin"
                    jcr:primaryType="nt:unstructured"
                    jcr:title="BALL-UOL"
                    sling:resourceType="wcm/core/components/policy/policy"
                    layoutDisabled="false">
                    <jcr:content jcr:primaryType="nt:unstructured"/>
                </policy_801946162096400>
                <policy_810466057736600
                    jcr:lastModified="{Date}2022-04-07T22:51:18.845-03:00"
                    jcr:lastModifiedBy="admin"
                    jcr:primaryType="nt:unstructured"
                    jcr:title="BackgroundHomePage"
                    sling:resourceType="wcm/core/components/policy/policy"
                    layoutDisabled="false">
                    <jcr:content jcr:primaryType="nt:unstructured"/>
                </policy_810466057736600>
                <policy_810906928137900
                    jcr:lastModified="{Date}2022-04-07T23:41:14.705-03:00"
                    jcr:lastModifiedBy="admin"
                    jcr:primaryType="nt:unstructured"
                    jcr:title="PolicyBall"
                    sling:resourceType="wcm/core/components/policy/policy"
                    layout="responsiveGrid"
                    layoutDisabled="false">
                    <jcr:content jcr:primaryType="nt:unstructured"/>
                    <cq:styleGroups jcr:primaryType="nt:unstructured">
                        <item0
                            cq:styleGroupLabel="BACKGROUND"
                            jcr:primaryType="nt:unstructured">
                            <cq:styles jcr:primaryType="nt:unstructured">
                                <item0
                                    cq:styleClasses="background__ball-logo"
                                    cq:styleId="1649382952743"
                                    cq:styleLabel="BALL-COMPAS"
                                    jcr:primaryType="nt:unstructured"/>
                            </cq:styles>
                        </item0>
                    </cq:styleGroups>
                </policy_810906928137900>
                <policy_814684206440000
                    jcr:lastModified="{Date}2022-04-08T00:05:53.274-03:00"
                    jcr:lastModifiedBy="admin"
                    jcr:primaryType="nt:unstructured"
                    jcr:title="ColorGradient"
                    sling:resourceType="wcm/core/components/policy/policy"
                    layout="responsiveGrid"
                    layoutDisabled="false">
                    <jcr:content jcr:primaryType="nt:unstructured"/>
                    <cq:styleGroups jcr:primaryType="nt:unstructured">
                        <item0
                            cq:styleGroupLabel="COLOR"
                            jcr:primaryType="nt:unstructured">
                            <cq:styles jcr:primaryType="nt:unstructured">
                                <item0
                                    cq:styleClasses="background__gradient_home_page"
                                    cq:styleId="1649386822977"
                                    cq:styleLabel="gradient"
                                    jcr:primaryType="nt:unstructured"/>
                            </cq:styles>
                        </item0>
                    </cq:styleGroups>
                </policy_814684206440000>
                <policy_815135624322300
                    jcr:lastModified="{Date}2022-04-08T00:06:50.302-03:00"
                    jcr:lastModifiedBy="admin"
                    jcr:primaryType="nt:unstructured"
                    jcr:title="test"
                    sling:resourceType="wcm/core/components/policy/policy"
                    layout="responsiveGrid"
                    layoutDisabled="false">
                    <jcr:content jcr:primaryType="nt:unstructured"/>
                </policy_815135624322300>
                <policy_815377538145000
                    jcr:lastModified="{Date}2022-04-08T00:27:48.923-03:00"
                    jcr:lastModifiedBy="admin"
                    jcr:primaryType="nt:unstructured"
                    jcr:title="test2"
                    sling:resourceType="wcm/core/components/policy/policy"
                    components="/apps/reactcompass/components/customtext"
                    layout="responsiveGrid"
                    layoutDisabled="false">
                    <jcr:content jcr:primaryType="nt:unstructured"/>
                </policy_815377538145000>
                <policy_816113716976700
                    jcr:lastModified="{Date}2022-04-08T00:23:29.045-03:00"
                    jcr:lastModifiedBy="admin"
                    jcr:primaryType="nt:unstructured"
                    jcr:title="COLORFOOTER"
                    sling:resourceType="wcm/core/components/policy/policy"
                    layout="responsiveGrid"
                    layoutDisabled="false">
                    <jcr:content jcr:primaryType="nt:unstructured"/>
                    <cq:styleGroups jcr:primaryType="nt:unstructured">
                        <item0
                            cq:styleGroupLabel="COLOR"
                            jcr:primaryType="nt:unstructured">
                            <cq:styles jcr:primaryType="nt:unstructured">
                                <item0
                                    cq:styleClasses="background_footer"
                                    cq:styleId="1649388170308"
                                    cq:styleLabel="solid"
                                    jcr:primaryType="nt:unstructured"/>
                            </cq:styles>
                        </item0>
                    </cq:styleGroups>
                </policy_816113716976700>
                <policy_816195780938300
                    jcr:lastModified="{Date}2022-04-08T00:26:04.040-03:00"
                    jcr:lastModifiedBy="admin"
                    jcr:primaryType="nt:unstructured"
                    jcr:title="BALL-COMPASS"
                    sling:resourceType="wcm/core/components/policy/policy"
                    layout="responsiveGrid"
                    layoutDisabled="false">
                    <jcr:content jcr:primaryType="nt:unstructured"/>
                    <cq:styleGroups jcr:primaryType="nt:unstructured">
                        <item0
                            cq:styleGroupLabel="BACKGROUND"
                            jcr:primaryType="nt:unstructured">
                            <cq:styles jcr:primaryType="nt:unstructured">
                                <item0
                                    cq:styleClasses="background__ball-logo"
                                    cq:styleId="1649388317049"
                                    cq:styleLabel="BALL COMPASS"
                                    jcr:primaryType="nt:unstructured"/>
                            </cq:styles>
                        </item0>
                    </cq:styleGroups>
                </policy_816195780938300>
                <policy_816419609648900
                    jcr:lastModified="{Date}2022-04-08T00:29:27.129-03:00"
                    jcr:lastModifiedBy="admin"
                    jcr:primaryType="nt:unstructured"
                    jcr:title="HeaderHomePage"
                    sling:resourceType="wcm/core/components/policy/policy"
                    components="[/apps/reactcompass/components/blacklogo,/apps/reactcompass/components/climate]"
                    layoutDisabled="false">
                    <jcr:content jcr:primaryType="nt:unstructured"/>
                </policy_816419609648900>
                <policy_952569069216800
                    jcr:lastModified="{Date}2022-04-09T22:28:03.754-03:00"
                    jcr:lastModifiedBy="admin"
                    jcr:primaryType="nt:unstructured"
                    jcr:title="TextEdit"
                    sling:resourceType="wcm/core/components/policy/policy"
                    components="[/apps/reactcompass/components/container,group:React Compass Custom Components]"
                    layoutDisabled="false">
                    <jcr:content jcr:primaryType="nt:unstructured"/>
                    <cq:styleGroups jcr:primaryType="nt:unstructured">
                        <item0
                            cq:styleGroupLabel="BACKGROUND"
                            jcr:primaryType="nt:unstructured">
                            <cq:styles jcr:primaryType="nt:unstructured">
                                <item0
                                    cq:styleClasses="background__color_footer_homepage"
                                    cq:styleId="1649539145343"
                                    cq:styleLabel="FOOTER-HOME"
                                    jcr:primaryType="nt:unstructured"/>
                            </cq:styles>
                        </item0>
                    </cq:styleGroups>
                </policy_952569069216800>
                <policy_1168738327784000
                    jcr:lastModified="{Date}2022-04-12T03:39:31.622-03:00"
                    jcr:lastModifiedBy="admin"
                    jcr:primaryType="nt:unstructured"
                    jcr:title="Painels Login"
                    sling:resourceType="wcm/core/components/policy/policy"
                    layout="responsiveGrid"
                    layoutDisabled="false">
                    <jcr:content jcr:primaryType="nt:unstructured"/>
                    <cq:styleGroups jcr:primaryType="nt:unstructured">
                        <item0
                            cq:styleGroupLabel="Painels Login"
                            cq:styleGroupMultiple="true"
                            jcr:primaryType="nt:unstructured">
                            <cq:styles jcr:primaryType="nt:unstructured">
                                <item0
                                    cq:styleClasses="display_flex"
                                    cq:styleId="1649740820050"
                                    cq:styleLabel="display flex"
                                    jcr:primaryType="nt:unstructured"/>
                                <item1
                                    cq:styleClasses="background__gradient"
                                    cq:styleId="1649740843449"
                                    cq:styleLabel="Background painel Left"
                                    jcr:primaryType="nt:unstructured"/>
                                <item2
                                    cq:styleClasses="sidepanel__img"
                                    cq:styleId="1649740928767"
                                    cq:styleLabel="Background painel Right"
                                    jcr:primaryType="nt:unstructured"/>
                                <item3
                                    cq:styleClasses="align_vertical"
                                    cq:styleId="1649744269015"
                                    cq:styleLabel="center vertical"
                                    jcr:primaryType="nt:unstructured"/>
                            </cq:styles>
                        </item0>
                    </cq:styleGroups>
                </policy_1168738327784000>
            </container>
            <teaser jcr:primaryType="nt:unstructured">
                <policy_1575031387650
                    jcr:description="Sets the title size to H3."
                    jcr:primaryType="nt:unstructured"
                    jcr:title="Content Teaser"
                    sling:resourceType="wcm/core/components/policy/policy"
                    titleType="h3">
                    <jcr:content jcr:primaryType="nt:unstructured"/>
                </policy_1575031387650>
            </teaser>
            <download jcr:primaryType="nt:unstructured">
                <policy_1575032193319
                    jcr:description="Sets the title size to H3."
                    jcr:primaryType="nt:unstructured"
                    jcr:title="Content Download"
                    sling:resourceType="wcm/core/components/policy/policy"
                    allowUpload="false"
                    displayFilename="true"
                    displayFormat="true"
                    displaySize="true"
                    titleType="h3">
                    <jcr:content jcr:primaryType="nt:unstructured"/>
                </policy_1575032193319>
            </download>
            <page jcr:primaryType="nt:unstructured">
                <policy
                    jcr:description="Includes the required client libraries."
                    jcr:primaryType="nt:unstructured"
                    jcr:title="Generic Page"
                    sling:resourceType="wcm/core/components/policy/policy"
                    clientlibs="[reactcompass.dependencies,reactcompass.site]"
                    clientlibsJsHead="reactcompass.dependencies">
                    <jcr:content jcr:primaryType="nt:unstructured"/>
                </policy>
                <policy_spa
                    jcr:lastModified="{Date}2022-04-13T23:10:25.831-03:00"
                    jcr:lastModifiedBy="admin"
                    jcr:primaryType="nt:unstructured"
                    jcr:title="AEM React Compass SPA Page Policy"
                    sling:resourceType="wcm/core/components/policy/policy"
                    clientlibs="reactcompass.react"
                    structureDepth="3">
                    <jcr:content jcr:primaryType="nt:unstructured"/>
                    <cq:styleGroups jcr:primaryType="nt:unstructured">
                        <item0
                            cq:styleGroupLabel="Login Background"
                            jcr:primaryType="nt:unstructured">
                            <cq:styles jcr:primaryType="nt:unstructured">
                                <item0
                                    cq:styleClasses="background__gradient"
                                    cq:styleId="1649444215448"
                                    cq:styleLabel="Background Gradient"
                                    jcr:primaryType="nt:unstructured"/>
                                <item1
                                    cq:styleClasses="background__gradient"
                                    cq:styleId="1649949841626"
                                    cq:styleLabel="Background Screen Search"
                                    jcr:primaryType="nt:unstructured"/>
                            </cq:styles>
                        </item0>
                    </cq:styleGroups>
                </policy_spa>
            </page>
            <spa jcr:primaryType="nt:unstructured">
                <default
                    jcr:primaryType="nt:unstructured"
                    jcr:title="AEM React Compass App Policy"
                    sling:resourceType="wcm/core/components/policy/policy"
                    clientlibs="[reactcompass.react]"
                    isRoot="{Boolean}true"
                    structureDepth="3"/>
            </spa>
            <logouttbutton jcr:primaryType="nt:unstructured">
                <policy_1649876627195
                    jcr:lastModified="{Date}2022-04-13T16:06:46.245-03:00"
                    jcr:lastModifiedBy="admin"
                    jcr:primaryType="nt:unstructured"
                    jcr:title="Button Footer"
                    sling:resourceType="wcm/core/components/policy/policy">
                    <jcr:content jcr:primaryType="nt:unstructured"/>
                    <cq:styleGroups jcr:primaryType="nt:unstructured">
                        <item0
                            cq:styleGroupLabel="Height Full"
                            jcr:primaryType="nt:unstructured">
                            <cq:styles jcr:primaryType="nt:unstructured">
                                <item0
                                    cq:styleClasses="display_flex"
                                    cq:styleId="1649876657072"
                                    cq:styleLabel="display_flex"
                                    jcr:primaryType="nt:unstructured"/>
                                <item1
                                    cq:styleClasses="max_height"
                                    cq:styleId="1649876802175"
                                    cq:styleLabel="max_height"
                                    jcr:primaryType="nt:unstructured"/>
                            </cq:styles>
                        </item0>
                    </cq:styleGroups>
                </policy_1649876627195>
            </logouttbutton>
        </components>
    </reactcompass>
    <wcm jcr:primaryType="nt:unstructured">
        <foundation jcr:primaryType="nt:unstructured">
            <components jcr:primaryType="nt:unstructured">
                <responsivegrid jcr:primaryType="nt:unstructured">
                    <spa-default
                        jcr:description="Includes only SPA-Enabled components."
                        jcr:lastModified="{Date}2022-04-14T00:58:13.025-03:00"
                        jcr:lastModifiedBy="admin"
                        jcr:primaryType="nt:unstructured"
                        jcr:title="Container - Home"
                        sling:resourceType="wcm/core/components/policy/policy"
                        columns="24"
                        components="[/libs/wcm/foundation/components/responsivegrid,/apps/reactcompass/components/whitelogo,/apps/reactcompass/components/custommargin,/apps/reactcompass/components/customtext,/apps/reactcompass/components/loginformcomponent,/apps/reactcompass/components/loginsubmitbutton]">
                        <jcr:content jcr:primaryType="nt:unstructured"/>
                        <cq:styleGroups jcr:primaryType="nt:unstructured">
                            <item0
                                cq:styleGroupLabel="FULL SCREEN"
                                cq:styleGroupMultiple="true"
                                jcr:primaryType="nt:unstructured">
                                <cq:styles jcr:primaryType="nt:unstructured">
                                    <item0
                                        cq:styleClasses="screen_full"
                                        cq:styleId="1649809635517"
                                        cq:styleLabel="full screen"
                                        jcr:primaryType="nt:unstructured"/>
                                    <item1
                                        cq:styleClasses="background__color_header_main_homepage"
                                        cq:styleId="1649827630425"
                                        cq:styleLabel="Backgroung Home"
                                        jcr:primaryType="nt:unstructured"/>
                                </cq:styles>
                            </item0>
                        </cq:styleGroups>
                    </spa-default>
                    <policy_1134212198602300
                        jcr:lastModified="{Date}2022-04-11T16:44:19.425-03:00"
                        jcr:lastModifiedBy="admin"
                        jcr:primaryType="nt:unstructured"
                        jcr:title="Policyfooter"
                        sling:resourceType="wcm/core/components/policy/policy"
                        components="/apps/reactcompass/components/logouttimer">
                        <jcr:content jcr:primaryType="nt:unstructured"/>
                        <cq:styleGroups jcr:primaryType="nt:unstructured">
                            <item0
                                cq:styleGroupLabel="BACKGROUND"
                                jcr:primaryType="nt:unstructured">
                                <cq:styles jcr:primaryType="nt:unstructured">
                                    <item0
                                        cq:styleClasses="background__color_footer_homepage"
                                        cq:styleId="1649706237114"
                                        cq:styleLabel="color footer"
                                        jcr:primaryType="nt:unstructured"/>
                                </cq:styles>
                            </item0>
                        </cq:styleGroups>
                    </policy_1134212198602300>
                    <policy_1254042693950400
                        jcr:lastModified="{Date}2022-04-13T02:05:58.064-03:00"
                        jcr:lastModifiedBy="admin"
                        jcr:primaryType="nt:unstructured"
                        jcr:title="Main - Home"
                        sling:resourceType="wcm/core/components/policy/policy"
                        components="/libs/wcm/foundation/components/responsivegrid">
                        <jcr:content jcr:primaryType="nt:unstructured"/>
                        <cq:styleGroups jcr:primaryType="nt:unstructured">
                            <item0
                                cq:styleGroupLabel="Responsive"
                                jcr:primaryType="nt:unstructured">
                                <cq:styles jcr:primaryType="nt:unstructured">
                                    <item0
                                        cq:styleClasses="main_home"
                                        cq:styleId="1649826175011"
                                        cq:styleLabel="Height70%"
                                        jcr:primaryType="nt:unstructured"/>
                                </cq:styles>
                            </item0>
                        </cq:styleGroups>
                    </policy_1254042693950400>
                    <policy_1254401694677400
                        jcr:lastModified="{Date}2022-04-13T12:33:53.538-03:00"
                        jcr:lastModifiedBy="admin"
                        jcr:primaryType="nt:unstructured"
                        jcr:title="BackgroundMain - Home"
                        sling:resourceType="wcm/core/components/policy/policy">
                        <jcr:content jcr:primaryType="nt:unstructured"/>
                        <cq:styleGroups jcr:primaryType="nt:unstructured">
                            <item0
                                cq:styleGroupLabel="BACKGROUND"
                                cq:styleGroupMultiple="true"
                                jcr:primaryType="nt:unstructured">
                                <cq:styles jcr:primaryType="nt:unstructured">
                                    <item0
                                        cq:styleClasses="background__ball-logo"
                                        cq:styleId="1649826462859"
                                        cq:styleLabel="BALL UOL"
                                        jcr:primaryType="nt:unstructured"/>
                                    <item1
                                        cq:styleClasses="display_flex"
                                        cq:styleId="1649863149407"
                                        cq:styleLabel="height100%"
                                        jcr:primaryType="nt:unstructured"/>
                                    <item2
                                        cq:styleClasses="background_main"
                                        cq:styleId="1649864025997"
                                        cq:styleLabel="background_main"
                                        jcr:primaryType="nt:unstructured"/>
                                </cq:styles>
                            </item0>
                        </cq:styleGroups>
                    </policy_1254401694677400>
                    <policy_1254401697320400
                        jcr:lastModified="{Date}2022-04-13T13:01:19.044-03:00"
                        jcr:lastModifiedBy="admin"
                        jcr:primaryType="nt:unstructured"
                        jcr:title="Text Missions - Home"
                        sling:resourceType="wcm/core/components/policy/policy"
                        components="/apps/reactcompass/components/customtext">
                        <jcr:content jcr:primaryType="nt:unstructured"/>
                        <cq:styleGroups jcr:primaryType="nt:unstructured">
                            <item0
                                cq:styleGroupLabel="max_height"
                                jcr:primaryType="nt:unstructured">
                                <cq:styles jcr:primaryType="nt:unstructured">
                                    <item0
                                        cq:styleClasses="max_height"
                                        cq:styleId="1649865670866"
                                        cq:styleLabel="max_height"
                                        jcr:primaryType="nt:unstructured"/>
                                </cq:styles>
                            </item0>
                        </cq:styleGroups>
                    </policy_1254401697320400>
                    <policy_1254916370390300
                        jcr:lastModified="{Date}2022-04-13T16:46:34.823-03:00"
                        jcr:lastModifiedBy="admin"
                        jcr:primaryType="nt:unstructured"
                        jcr:title="Footer - Home"
                        sling:resourceType="wcm/core/components/policy/policy"
                        components="[/libs/wcm/foundation/components/responsivegrid,/apps/reactcompass/components/customtext,/apps/reactcompass/components/inputsearch,/apps/reactcompass/components/logouttbutton,/apps/reactcompass/components/logouttimer]">
                        <jcr:content jcr:primaryType="nt:unstructured"/>
                        <cq:styleGroups jcr:primaryType="nt:unstructured">
                            <item0
                                cq:styleGroupLabel="BACKGROUND"
                                cq:styleGroupMultiple="true"
                                jcr:primaryType="nt:unstructured">
                                <cq:styles jcr:primaryType="nt:unstructured">
                                    <item0
                                        cq:styleClasses="footer_home"
                                        cq:styleId="1649827019793"
                                        cq:styleLabel="background - footer"
                                        jcr:primaryType="nt:unstructured"/>
                                    <item1
                                        cq:styleClasses="height_15"
                                        cq:styleId="1649862386961"
                                        cq:styleLabel="height"
                                        jcr:primaryType="nt:unstructured"/>
                                </cq:styles>
                            </item0>
                        </cq:styleGroups>
                    </policy_1254916370390300>
                    <policy_1649827214099
                        jcr:lastModified="{Date}2022-04-13T21:49:27.069-03:00"
                        jcr:lastModifiedBy="admin"
                        jcr:primaryType="nt:unstructured"
                        jcr:title="Header - Home"
                        sling:resourceType="wcm/core/components/policy/policy"
                        components="[/apps/reactcompass/components/blacklogo,/apps/reactcompass/components/climate,/apps/reactcompass/components/clock]">
                        <jcr:content jcr:primaryType="nt:unstructured"/>
                        <cq:styleGroups jcr:primaryType="nt:unstructured">
                            <item0
                                cq:styleGroupLabel="Height Header"
                                jcr:primaryType="nt:unstructured">
                                <cq:styles jcr:primaryType="nt:unstructured">
                                    <item0
                                        cq:styleClasses="header_home"
                                        cq:styleId="1649827272938"
                                        cq:styleLabel="Height15%"
                                        jcr:primaryType="nt:unstructured"/>
                                </cq:styles>
                            </item0>
                        </cq:styleGroups>
                    </policy_1649827214099>
                    <policy_1319799819191800
                        jcr:lastModified="{Date}2022-04-13T20:42:00.887-03:00"
                        jcr:lastModifiedBy="admin"
                        jcr:primaryType="nt:unstructured"
                        jcr:title="Footer - Text"
                        sling:resourceType="wcm/core/components/policy/policy"
                        components="/apps/reactcompass/components/customtext">
                        <jcr:content jcr:primaryType="nt:unstructured"/>
                        <cq:styleGroups jcr:primaryType="nt:unstructured">
                            <item0
                                cq:styleGroupLabel="Max-Height"
                                jcr:primaryType="nt:unstructured">
                                <cq:styles jcr:primaryType="nt:unstructured">
                                    <item0
                                        cq:styleClasses="max_height"
                                        cq:styleId="1649893314369"
                                        cq:styleLabel="max_height"
                                        jcr:primaryType="nt:unstructured"/>
                                </cq:styles>
                            </item0>
                        </cq:styleGroups>
                    </policy_1319799819191800>
                    <policy_1319799821782100
                        jcr:lastModified="{Date}2022-04-13T21:11:04.900-03:00"
                        jcr:lastModifiedBy="admin"
                        jcr:primaryType="nt:unstructured"
                        jcr:title="Footer - Input"
                        sling:resourceType="wcm/core/components/policy/policy"
                        components="/apps/reactcompass/components/inputsearch">
                        <jcr:content jcr:primaryType="nt:unstructured"/>
                        <cq:styleGroups jcr:primaryType="nt:unstructured">
                            <item0
                                cq:styleGroupLabel="Max-Height"
                                jcr:primaryType="nt:unstructured">
                                <cq:styles jcr:primaryType="nt:unstructured">
                                    <item0
                                        cq:styleClasses="max_height"
                                        cq:styleId="1649895059563"
                                        cq:styleLabel="max_height"
                                        jcr:primaryType="nt:unstructured"/>
                                </cq:styles>
                            </item0>
                        </cq:styleGroups>
                    </policy_1319799821782100>
                    <policy_1319799824839900
                        jcr:lastModified="{Date}2022-04-13T21:11:30.991-03:00"
                        jcr:lastModifiedBy="admin"
                        jcr:primaryType="nt:unstructured"
                        jcr:title="Footer - Logout Area"
                        sling:resourceType="wcm/core/components/policy/policy"
                        components="[/apps/reactcompass/components/logouttbutton,/apps/reactcompass/components/logouttimer]">
                        <jcr:content jcr:primaryType="nt:unstructured"/>
                        <cq:styleGroups jcr:primaryType="nt:unstructured">
                            <item0
                                cq:styleGroupLabel="Max-Height"
                                jcr:primaryType="nt:unstructured">
                                <cq:styles jcr:primaryType="nt:unstructured">
                                    <item0
                                        cq:styleClasses="max_height"
                                        cq:styleId="1649895085075"
                                        cq:styleLabel="max_height"
                                        jcr:primaryType="nt:unstructured"/>
                                </cq:styles>
                            </item0>
                        </cq:styleGroups>
                    </policy_1319799824839900>
                    <policy_1334690449979800
                        jcr:lastModified="{Date}2022-04-14T00:31:00.394-03:00"
                        jcr:lastModifiedBy="admin"
                        jcr:primaryType="nt:unstructured"
                        jcr:title="Max-Height"
                        sling:resourceType="wcm/core/components/policy/policy">
                        <jcr:content jcr:primaryType="nt:unstructured"/>
                        <cq:styleGroups jcr:primaryType="nt:unstructured">
                            <item0
                                cq:styleGroupLabel="Height Full"
                                jcr:primaryType="nt:unstructured">
                                <cq:styles jcr:primaryType="nt:unstructured">
                                    <item0
                                        cq:styleClasses="max_height"
                                        cq:styleId="1649907030772"
                                        cq:styleLabel="max_height"
                                        jcr:primaryType="nt:unstructured"/>
                                </cq:styles>
                            </item0>
                        </cq:styleGroups>
                    </policy_1334690449979800>
                    <policy_12653617318800
                        jcr:lastModified="{Date}2022-04-14T12:33:54.633-03:00"
                        jcr:lastModifiedBy="admin"
                        jcr:primaryType="nt:unstructured"
                        jcr:title="Screen Search"
                        sling:resourceType="wcm/core/components/policy/policy"
                        components="[/apps/reactcompass/components/blacklogo,/apps/reactcompass/components/inputsearch,/apps/reactcompass/components/quitbutton,/apps/reactcompass/components/searchbutton]">
                        <jcr:content jcr:primaryType="nt:unstructured"/>
                    </policy_12653617318800>
                </responsivegrid>
            </components>
        </foundation>
    </wcm>
</jcr:root>
